"","race","sex","school","learner","absent"
"1","aboriginal","male","F0","slow",2
"2","aboriginal","male","F0","slow",11
"3","aboriginal","male","F0","slow",14
"4","aboriginal","male","F0","average",5
"5","aboriginal","male","F0","average",5
"6","aboriginal","male","F0","average",13
"7","aboriginal","male","F0","average",20
"8","aboriginal","male","F0","average",22
"9","aboriginal","male","F1","slow",6
"10","aboriginal","male","F1","slow",6
"11","aboriginal","male","F1","slow",15
"12","aboriginal","male","F1","average",7
"13","aboriginal","male","F1","average",14
"14","aboriginal","male","F2","slow",6
"15","aboriginal","male","F2","slow",32
"16","aboriginal","male","F2","slow",53
"17","aboriginal","male","F2","slow",57
"18","aboriginal","male","F2","average",14
"19","aboriginal","male","F2","average",16
"20","aboriginal","male","F2","average",16
"21","aboriginal","male","F2","average",17
"22","aboriginal","male","F2","average",40
"23","aboriginal","male","F2","average",43
"24","aboriginal","male","F2","average",46
"25","aboriginal","male","F3","slow",12
"26","aboriginal","male","F3","slow",15
"27","aboriginal","male","F3","average",8
"28","aboriginal","male","F3","average",23
"29","aboriginal","male","F3","average",23
"30","aboriginal","male","F3","average",28
"31","aboriginal","male","F3","average",34
"32","aboriginal","male","F3","average",36
"33","aboriginal","male","F3","average",38
"34","aboriginal","female","F0","slow",3
"35","aboriginal","female","F0","average",5
"36","aboriginal","female","F0","average",11
"37","aboriginal","female","F0","average",24
"38","aboriginal","female","F0","average",45
"39","aboriginal","female","F1","slow",5
"40","aboriginal","female","F1","slow",6
"41","aboriginal","female","F1","slow",6
"42","aboriginal","female","F1","slow",9
"43","aboriginal","female","F1","slow",13
"44","aboriginal","female","F1","slow",23
"45","aboriginal","female","F1","slow",25
"46","aboriginal","female","F1","slow",32
"47","aboriginal","female","F1","slow",53
"48","aboriginal","female","F1","slow",54
"49","aboriginal","female","F1","average",5
"50","aboriginal","female","F1","average",5
"51","aboriginal","female","F1","average",11
"52","aboriginal","female","F1","average",17
"53","aboriginal","female","F1","average",19
"54","aboriginal","female","F2","slow",8
"55","aboriginal","female","F2","slow",13
"56","aboriginal","female","F2","slow",14
"57","aboriginal","female","F2","slow",20
"58","aboriginal","female","F2","slow",47
"59","aboriginal","female","F2","slow",48
"60","aboriginal","female","F2","slow",60
"61","aboriginal","female","F2","slow",81
"62","aboriginal","female","F2","average",2
"63","aboriginal","female","F3","slow",5
"64","aboriginal","female","F3","slow",9
"65","aboriginal","female","F3","slow",7
"66","aboriginal","female","F3","average",0
"67","aboriginal","female","F3","average",2
"68","aboriginal","female","F3","average",3
"69","aboriginal","female","F3","average",5
"70","aboriginal","female","F3","average",10
"71","aboriginal","female","F3","average",14
"72","aboriginal","female","F3","average",21
"73","aboriginal","female","F3","average",36
"74","aboriginal","female","F3","average",40
"75","non-aboriginal","male","F0","slow",6
"76","non-aboriginal","male","F0","slow",17
"77","non-aboriginal","male","F0","slow",67
"78","non-aboriginal","male","F0","average",0
"79","non-aboriginal","male","F0","average",0
"80","non-aboriginal","male","F0","average",2
"81","non-aboriginal","male","F0","average",7
"82","non-aboriginal","male","F0","average",11
"83","non-aboriginal","male","F0","average",12
"84","non-aboriginal","male","F1","slow",0
"85","non-aboriginal","male","F1","slow",0
"86","non-aboriginal","male","F1","slow",5
"87","non-aboriginal","male","F1","slow",5
"88","non-aboriginal","male","F1","slow",5
"89","non-aboriginal","male","F1","slow",11
"90","non-aboriginal","male","F1","slow",17
"91","non-aboriginal","male","F1","average",3
"92","non-aboriginal","male","F1","average",3
"93","non-aboriginal","male","F2","slow",22
"94","non-aboriginal","male","F1","average",30
"95","non-aboriginal","male","F1","average",36
"96","non-aboriginal","male","F2","average",8
"97","non-aboriginal","male","F2","average",0
"98","non-aboriginal","male","F2","average",1
"99","non-aboriginal","male","F2","average",5
"100","non-aboriginal","male","F2","average",7
"101","non-aboriginal","male","F2","average",16
"102","non-aboriginal","male","F2","average",27
"103","non-aboriginal","male","F3","slow",12
"104","non-aboriginal","male","F3","slow",15
"105","non-aboriginal","male","F3","average",0
"106","non-aboriginal","male","F3","average",30
"107","non-aboriginal","male","F3","average",10
"108","non-aboriginal","male","F3","average",14
"109","non-aboriginal","male","F3","average",27
"110","non-aboriginal","male","F3","average",41
"111","non-aboriginal","male","F3","average",69
"112","non-aboriginal","female","F0","slow",25
"113","non-aboriginal","female","F0","average",10
"114","non-aboriginal","female","F0","average",11
"115","non-aboriginal","female","F0","average",20
"116","non-aboriginal","female","F0","average",33
"117","non-aboriginal","female","F1","slow",5
"118","non-aboriginal","female","F1","slow",7
"119","non-aboriginal","female","F1","slow",0
"120","non-aboriginal","female","F1","slow",1
"121","non-aboriginal","female","F1","slow",5
"122","non-aboriginal","female","F1","slow",5
"123","non-aboriginal","female","F1","slow",5
"124","non-aboriginal","female","F1","slow",5
"125","non-aboriginal","female","F1","slow",7
"126","non-aboriginal","female","F1","slow",11
"127","non-aboriginal","female","F1","slow",15
"128","non-aboriginal","female","F1","average",5
"129","non-aboriginal","female","F1","average",14
"130","non-aboriginal","female","F1","average",6
"131","non-aboriginal","female","F1","average",6
"132","non-aboriginal","female","F1","average",7
"133","non-aboriginal","female","F1","average",28
"134","non-aboriginal","female","F2","slow",0
"135","non-aboriginal","female","F2","slow",5
"136","non-aboriginal","female","F2","slow",14
"137","non-aboriginal","female","F2","slow",2
"138","non-aboriginal","female","F2","slow",2
"139","non-aboriginal","female","F2","slow",3
"140","non-aboriginal","female","F2","slow",8
"141","non-aboriginal","female","F2","slow",10
"142","non-aboriginal","female","F2","slow",12
"143","non-aboriginal","female","F2","average",1
"144","non-aboriginal","female","F3","slow",8
"145","non-aboriginal","female","F3","average",1
"146","non-aboriginal","female","F3","average",9
"147","non-aboriginal","female","F3","average",22
"148","non-aboriginal","female","F3","average",3
"149","non-aboriginal","female","F3","average",3
"150","non-aboriginal","female","F3","average",5
"151","non-aboriginal","female","F3","average",15
"152","non-aboriginal","female","F3","average",18
"153","non-aboriginal","female","F3","average",22
"154","non-aboriginal","female","F3","average",37
